Workbook

Sheet הנחות יסוד
A1: הנחות יסוד — מודל פיננסי פרפקט וואן
A2: שיווק והמרה
A3: עלות ליד | B3: 60 | C3: נתון קלט
A4: יחס המרה | B4: 0.12 | C4: נתון קלט
A5: לידים לסגירה | B5: =1/B4 | C5: חישוב
A6: עלות שיווק לעסקה | B6: =B3*B5 | C6: חישוב
A8: הכנסות לעסקה
A9: פתיחת תיק (חד פעמי) | B9: 100 | C9: נתון קלט
A10: שירות שנתי | B10: 1800 | C10: נתון קלט
A11: סה״כ הכנסה לעסקה שנה 1 | B11: =B9+B10 | C11: סיכום
A13: הוצאות לעסקה
A14: עמלת נציג מכירות | B14: 350 | C14: נתון קלט
A15: סליקה | B15: 150 | C15: נתון קלט
A16: אפליקציה (חודשי) | B16: 10 | C16: נתון קלט
A17: הנהלת חשבונות (חודשי) | B17: 25 | C17: נתון קלט
A18: תפעול/ליווי שוטף לתיק (חודשי) — מנוי בלבד | B18: 25 | C18: נתון חדש
A19: עלות מנוי שנתית (אפליקציה + הנה״ח + ליווי) | B19: =(B16+B17+B18)*12 | C19: סיכום
A22: פעילות
A23: לקוחות חדשים בחודש | B23: 20 | C23: נתון קלט
A24: לקוחות חדשים בשנה | B24: =B23*12 | C24: חישוב

Sheet מודל 1 — חד פעמי
A1: מודל 1 — מכירה חד פעמית (ללא מנוי)
A3: פירוט לעסקה בודדת
A4: הכנסה (פתיחת תיק + שירות שנתי) | B4: ='הנחות יסוד'!B11
A5: עלות שיווק | B5: ='הנחות יסוד'!B6
A6: עמלת נציג | B6: ='הנחות יסוד'!B14
A7: סליקה | B7: ='הנחות יסוד'!B15
A8: סה״כ הוצאה לעסקה | B8: =B5+B6+B7
A9: רווח לעסקה | B9: =B4-B8
A13: תחזית 3 שנים (240 לקוחות חדשים בשנה)
A14: שנה | B14: לקוחות חדשים | C14: הכנסות | D14: הוצאות | E14: רווח
A15: שנה 1 | B15: ='הנחות יסוד'!B24 | C15: =B15*'הנחות יסוד'!B11 | D15: =B15*(B5+B6+B7) | E15: =C15-D15
A16: שנה 2 | B16: ='הנחות יסוד'!B24 | C16: =B16*'הנחות יסוד'!B11 | D16: =B16*(B5+B6+B7) | E16: =C16-D16
A17: שנה 3 | B17: ='הנחות יסוד'!B24 | C17: =B17*'הנחות יסוד'!B11 | D17: =B17*(B5+B6+B7) | E17: =C17-D17
A18: סה״כ 3 שנים | B18: =SUM(B15:B17) | C18: =SUM(C15:C17) | D18: =SUM(D15:D17) | E18: =SUM(E15:E17)
A20: רווח חודשי ממוצע שנה 1 | B20: =E15/12
A21: הערה | B21: במודל חד פעמי אין הכנסה חוזרת — כל שנה מתחילה מ-0 לקוחות

Sheet מודל 2 — מנוי
A1: מודל 2 — מנוי חודשי (אפליקציה + הנה״ח)
A3: פירוט לעסקה בודדת — שנה 1
A4: הכנסה שנה 1 (פתיחה + שירות) | B4: ='הנחות יסוד'!B11
A5: עלות שיווק | B5: ='הנחות יסוד'!B6
A6: עמלת נציג | B6: ='הנחות יסוד'!B14
A7: סליקה | B7: ='הנחות יסוד'!B15
A8: עלות מנוי שנתית (אפליקציה + הנה״ח + ליווי) | B8: ='הנחות יסוד'!B19
A9: סה״כ הוצאה שנה 1 | B9: =B5+B6+B7+B8
A10: רווח שנה 1 לעסקה | B10: =B4-B9
A13: פירוט לעסקה בודדת — שנה 2 ואילך (ללא שיווק וללא עמלת נציג)
A14: הכנסה שנתית (שירות בלבד) | B14: ='הנחות יסוד'!B10
A15: עלות מנוי שנתית (אפליקציה + הנה״ח + ליווי) | B15: ='הנחות יסוד'!B19
A16: רווח שנתי ללקוח — שנה 2+ | B16: =B14-B15
A20: תחזית 3 שנים — בסיס לקוחות מצטבר
A21: שנה | B21: לקוחות חדשים | C21: בסיס לקוחות (מתחדשים) | D21: הכנסות | E21: הוצאות | F21: רווח
A22: שנה 1 | B22: ='הנחות יסוד'!B24 | C22: ='הנחות יסוד'!B24*0 | D22: =B22*'הנחות יסוד'!B11 + C22*'הנחות יסוד'!B10 | E22: =B22*(B5+B6+B7+B8) + C22*B8 | F22: =D22-E22
A23: שנה 2 | B23: ='הנחות יסוד'!B24 | C23: ='הנחות יסוד'!B24*1 | D23: =B23*'הנחות יסוד'!B11 + C23*'הנחות יסוד'!B10 | E23: =B23*(B5+B6+B7+B8) + C23*B8 | F23: =D23-E23
A24: שנה 3 | B24: ='הנחות יסוד'!B24 | C24: ='הנחות יסוד'!B24*2 | D24: =B24*'הנחות יסוד'!B11 + C24*'הנחות יסוד'!B10 | E24: =B24*(B5+B6+B7+B8) + C24*B8 | F24: =D24-E24
A25: סה״כ 3 שנים | B25: =SUM(B22:B24) | C25: =SUM(C22:C24) | D25: =SUM(D22:D24) | E25: =SUM(E22:E24) | F25: =SUM(F22:F24)
A27: רווח חודשי ממוצע שנה 1 | B27: =F22/12
A28: תובנה | B28: שנה 2 מזנקת — הבסיס המצטבר (240 לקוחות מתחדשים) מייצר רווח ללא עלויות גיוס

Sheet השוואה
A1: השוואה — חד פעמי מול מנוי (כולל תפעול ₪25/חודש)
A3: מדד | B3: מודל חד פעמי | C3: מודל מנוי | D3: הפרש
A4: רווח לעסקה שנה 1 | B4: ='מודל 1 — חד פעמי'!B9 | C4: ='מודל 2 — מנוי'!B10 | D4: =C4-B4
A5: רווח שנה 1 (240 לקוחות) | B5: ='מודל 1 — חד פעמי'!E15 | C5: ='מודל 2 — מנוי'!F22 | D5: =C5-B5
A6: רווח שנה 2 | B6: ='מודל 1 — חד פעמי'!E16 | C6: ='מודל 2 — מנוי'!F23 | D6: =C6-B6
A7: רווח שנה 3 | B7: ='מודל 1 — חד פעמי'!E17 | C7: ='מודל 2 — מנוי'!F24 | D7: =C7-B7
A8: סה״כ 3 שנים | B8: ='מודל 1 — חד פעמי'!E18 | C8: ='מודל 2 — מנוי'!F25 | D8: =C8-B8
A9: רווח חודשי ממוצע שנה 1 | B9: ='מודל 1 — חד פעמי'!B20 | C9: ='מודל 2 — מנוי'!B27 | D9: =C9-B9
A10: רווח שנתי ללקוח משנה 2 | B10: 0 | C10: ='מודל 2 — מנוי'!B16 | D10: =C10-B10
A12: הערות על המבנה
A13: מודל חד פעמי: הוצאות לעסקה = שיווק ₪500 + עמלת נציג ₪350 + סליקה ₪150 (בלי תפעול)
A14: מודל מנוי: מעבר להוצאות המכירה, יש עלות מנוי שנתית של (₪10 אפליקציה + ₪25 הנה״ח + ₪25 ליווי) × 12 = ₪720
A15: עלות המנוי חלה גם בשנה הראשונה וגם על כל לקוח מתחדש בשנים הבאות
A16: במודל המנוי אין שיווק ואין עמלת נציג על לקוחות מתחדשים — ההוצאה היחידה היא ₪720 לשנה
A17: נקודת השיוויון המצטבר: במהלך שנה 2, כשהבסיס המצטבר מתחיל לייצר הכנסה 'נקייה'
